scene,title,artist,duration,file,source_page,direct_download
城市形象宣传,Driving Ambition,Ahjay Stelino,01:42,01_city_image/01_Driving_Ambition__Ahjay_Stelino.mp3,https://mixkit.co/free-stock-music/mood/uplifting/,https://assets.mixkit.co/music/32/32.mp3
城市形象宣传,Hazy After Hours,Alejandro Magaña (A. M.),02:07,01_city_image/02_Hazy_After_Hours__Alejandro_Magana.mp3,https://mixkit.co/free-stock-music/,https://assets.mixkit.co/music/132/132.mp3
城市形象宣传,Hip Hop 02,Lily J,01:55,01_city_image/03_Hip_Hop_02__Lily_J.mp3,https://mixkit.co/free-stock-music/,https://assets.mixkit.co/music/738/738.mp3
景区推荐,Serene View,Arulo,01:54,02_scenic_recommendation/01_Serene_View__Arulo.mp3,https://mixkit.co/free-stock-music/tag/travel/,https://assets.mixkit.co/music/443/443.mp3
景区推荐,Classical vibes 4,Grigoriy Nuzhny,02:17,02_scenic_recommendation/02_Classical_Vibes_4__Grigoriy_Nuzhny.mp3,https://mixkit.co/free-stock-music/mood/uplifting/,https://assets.mixkit.co/music/684/684.mp3
景区推荐,Love is Eternal,Ahjay Stelino,01:44,02_scenic_recommendation/03_Love_Is_Eternal__Ahjay_Stelino.mp3,https://mixkit.co/free-stock-music/world/,https://assets.mixkit.co/music/37/37.mp3
节庆活动推广,What About Action?,Diego Nava,01:57,03_festival_promotion/01_What_About_Action__Diego_Nava.mp3,https://mixkit.co/free-stock-music/tag/travel/,https://assets.mixkit.co/music/474/474.mp3
节庆活动推广,Feel Alive,Michael Ramir C.,01:46,03_festival_promotion/02_Feel_Alive__Michael_Ramir_C.mp3,https://mixkit.co/free-stock-music/tag/travel/,https://assets.mixkit.co/music/953/953.mp3
节庆活动推广,Holiday Fun,Ahjay Stelino,01:35,03_festival_promotion/03_Holiday_Fun__Ahjay_Stelino.mp3,https://mixkit.co/free-stock-music/world/,https://assets.mixkit.co/music/87/87.mp3
非遗文化传播,A Decade in Beijing,Michael Ramir C.,01:57,04_intangible_heritage/01_A_Decade_in_Beijing__Michael_Ramir_C.mp3,https://mixkit.co/free-stock-music/traditional/,https://assets.mixkit.co/music/863/863.mp3
非遗文化传播,Romantic 03,Lily J,01:42,04_intangible_heritage/02_Romantic_03__Lily_J.mp3,https://mixkit.co/free-stock-music/traditional/,https://assets.mixkit.co/music/754/754.mp3
非遗文化传播,Relaxation 05,Lily J,01:58,04_intangible_heritage/03_Relaxation_05__Lily_J.mp3,https://mixkit.co/free-stock-music/corporate-music/,https://assets.mixkit.co/music/749/749.mp3
校园/城市打卡,Reaching Out,Michael Ramir C.,01:44,05_campus_city_checkin/01_Reaching_Out__Michael_Ramir_C.mp3,https://mixkit.co/free-stock-music/tag/youth/,https://assets.mixkit.co/music/1154/1154.mp3
校园/城市打卡,Rising Sun,Diego Nava,01:32,05_campus_city_checkin/02_Rising_Sun__Diego_Nava.mp3,https://mixkit.co/free-stock-music/tag/youth/,https://assets.mixkit.co/music/523/523.mp3
校园/城市打卡,Traveling Along,Ahjay Stelino,01:40,05_campus_city_checkin/03_Traveling_Along__Ahjay_Stelino.mp3,https://mixkit.co/free-stock-music/tag/travel/,https://assets.mixkit.co/music/94/94.mp3
