id,name,city,verified,需人工核对事实
hz-xihu,西湖,杭州,是,位于杭州市西湖区，东临杭州市区，南、西、北三面环山，面积约6.38平方千米。；2011年6月24日，杭州西湖文化景观被列入《世界遗产名录》。；西湖十景包括苏堤春晓、断桥残雪、三潭印月等，是江南古典园林与自然景观结合的代表。；环湖分布有雷峰塔、岳王庙、灵隐寺等众多历史文化景点。；自2002年起，西湖环湖公园实行免费开放，是中国首批免费开放的5A级景区之一。
hz-lingyinsi,灵隐寺,杭州,否,位于杭州市西湖区，背靠北高峰，面朝飞来峰，始建于东晋咸和元年（326年）。；开山祖师为印度僧人慧理，寺名“灵隐”取其“仙灵所隐”之意。；飞来峰石刻造像是中国南方石窟艺术的重要代表，分布在灵隐寺前。；是江南地区重要的佛教寺院，历史上高僧辈出，香火绵延至今。
hz-xixi-shidi,西溪湿地,杭州,是,位于杭州市西部，是中国第一个国家湿地公园，国家5A级旅游景区。；与西湖、西泠并称“杭州三西”，以“冷、野、淡、雅”著称。；园区内河流纵横，水域面积约占70%，是罕见的城中次生湿地。；历史上曾是文人墨客游赏之地，现存有秋雪庵、梅竹山庄等古迹。；电影《非诚勿扰》曾在此取景，使其知名度大增。
hz-leifengta,雷峰塔,杭州,是,位于杭州市西湖区南山路夕照山，是吴越国王钱俶为供奉佛螺髻发舍利而建，初建于北宋太平兴国二年（977年）。；原塔于1924年9月25日倒塌，现塔为2002年重建，保留了原塔遗址，并设电梯和观光层。；白蛇传传说中，白娘子被镇压于雷峰塔下，使其成为家喻户晓的爱情象征。；塔内供奉有释迦牟尼佛螺髻发舍利，是佛教圣物。；作为西湖文化景观的重要组成部分，雷峰塔是西湖十景之一“雷峰夕照”所在。
hz-santanyinyue,三潭印月,杭州,否,是西湖十景之一，位于西湖中部偏南的湖面上，是西湖中最大的岛屿，面积约7公顷。；岛上有三座石塔，塔身中空，球面体上排列着五个等距圆洞，每逢月夜，塔中点燃灯烛，洞口蒙上薄纸，灯光透出，与水中倒影相映成趣，形成“三潭印月”奇观。；石塔始建于北宋元祐四年（1089年），苏轼疏浚西湖时在湖心立三塔为界，后历代修复，现存石塔为明代重建。；岸上建筑有先贤祠、九曲桥、亭轩等，是典型的江南水上园林。；一元人民币背面图案即为三潭印月景观。
hz-duanqiaocanxue,断桥残雪,杭州,否,是西湖十景之一，位于白堤东端，是白堤与北山街的连接处。；桥名“断桥”源于冬季雪后，桥阳面冰雪消融，阴面仍覆盖白雪，从高处远望桥似断非断，形成“断桥残雪”景观。；民间传说《白蛇传》中，许仙与白娘子在此相遇，使断桥成为爱情象征。；断桥是西湖中最出名的一座桥，也是游客到西湖必访之地。
hz-sudichunxiao,苏堤春晓,杭州,否,是西湖十景之首，位于西湖西侧，南起南屏山麓，北至栖霞岭下，全长约2.8公里。；堤由北宋文学家苏轼任杭州知州时疏浚西湖，利用淤泥葑草堆筑而成。；堤上建有六座单孔石拱桥，自南向北依次为映波、锁澜、望山、压堤、东浦、跨虹。；春季清晨，堤上柳绿花红，湖波如镜，被誉为“西湖十景”中的第一胜景。；苏堤是西湖上最长的堤，也是一条贯穿西湖南北的绿色长廊。
hz-yuewangmiao,岳王庙,杭州,否,位于杭州市西湖区北山路，是为纪念南宋抗金名将岳飞而建的祠庙。；始建于南宋嘉定十四年（1221年），现存建筑多为清代重建。；岳飞墓位于庙内右侧，墓前跪有秦桧、王氏等四个佞臣铁像。；庙内保存有历代名人题写的匾额、楹联，是杭州重要的历史文化遗存。；是全国重点文物保护单位，也是全国爱国主义教育示范基地。
jx-wuzhen,乌镇,嘉兴,是,位于嘉兴桐乡市，是江南六大古镇之一，建镇历史逾1300年。；以河成街，街桥相连，完整保存了典型的水乡古镇格局和大量明清建筑。；西栅景区是乌镇旅游的精华，汇集了手工作坊、民俗展馆和现代休闲设施。；世界互联网大会（乌镇峰会）自2014年起永久会址设在乌镇。；乌镇戏剧节每年秋季举办，是国际知名戏剧节之一。
zs-putuoshan,普陀山,舟山,是,位于舟山群岛东南部，是舟山群岛中的一个小岛，素有“海天佛国”“南海圣境”之称。；是中国四大佛教名山之一，为观音菩萨应化道场，佛教文化历史悠久。；全岛面积约12.5平方公里，岛上寺庙众多，以普济禅寺、法雨寺、慧济禅寺三大寺为核心。；普陀山风景名胜区是国家5A级旅游景区，是海岛风光与佛教文化相结合的旅游胜地。；南海观音立像高33米，是普陀山的标志性建筑之一。
jx-nanhu,嘉兴南湖,嘉兴,否,位于嘉兴市南湖区，是浙江三大名湖之一，与杭州西湖、绍兴东湖齐名。；是中国共产党第一次全国代表大会闭幕地，南湖红船是党的诞生地的重要标志。；湖中有湖心岛，岛上建有烟雨楼，为江南名楼。；南湖是典型的江南水乡湖泊，以湖光水色和革命纪念地闻名。；是全国爱国主义教育示范基地、国家5A级旅游景区。
hz-qiandaohu,千岛湖,杭州,是,位于杭州市淳安县，是为建设新安江水电站蓄水而成的人工湖。；湖中拥有1078个岛屿，故称“千岛湖”，是中国最大的人工湖之一。；水质优良，被誉为“天下第一秀水”，是农夫山泉的水源地之一。；是国家5A级旅游景区，以千岛、碧水、金腰带（岛屿与湖水相接处有一圈金色黄土带）景观闻名。；湖区岛屿星罗棋布，主要景点有梅峰岛、渔乐岛、龙山岛等。
jh-hengdian,横店影视城,金华,是,位于金华市东阳市横店镇，是全球规模最大的影视拍摄基地，被誉为“东方好莱坞”。；始建于1996年，现已建成秦王宫、清明上河图、明清宫苑、广州街·香港街等多个影视拍摄景区。；集影视拍摄、旅游观光、度假休闲于一体，是国家5A级旅游景区。；每年有大量影视剧组在此取景，也产出了众多知名影视作品。；景区内还设有梦幻谷等夜间主题乐园，提供丰富的旅游体验。
